,case_id,median,mean,sd,mn,mx,percentile_99_5,percentile_00_5
0,"['s0184_0000', '.gz']",-62.0,-303.6734934567918,475.4230679248887,-1340,3416,605.0,-1032.0
1,"['s0712_0000', '.gz']",-78.0,-308.63549277079164,501.27561787563945,-1164,2550,1283.0,-1024.0
