result_id,avg,cls1,cls2,cls3,cls4,cls5,cls6,cls7,cls8,cls9,cls10,cls11,cls12,cls13
Task011_BTCV_BigResUNetTrainer4_0,0.8466887262200498,0.9240992776951537,0.8687992907059461,0.9313190585994721,0.7114423480562487,0.7922995183458227,0.9703626991866129,0.9159287594583114,0.9318224335730476,0.8847819825836657,0.7947469718094706,0.8323472061735652,0.7224854804398312,0.7265184142334974
Task032_AMOS22_Task1_BigResUNetTrainer4_0,0.8118079144033874,0.9491761304990902,0.9335300151224267,0.9353136332953019,0.7205353713991887,0.7754642520761088,0.9627561858586755,0.853677435004349,0.9106501621543659,0.7866295662025069,0.6642893206819676,0.675187784225386,0.6014816590344095,0.7848113716902595
